SeedX	SeedY	Weight 0	Weight 1	Weight 2	Weight 3	Weight 4	Weight 5	Weight 6	Weight 7	Weight 8	Weight 9	Weight 10	Weight 11	Weight 12	Weight 13	Weight 14	Weight 15	Weight 16	Weight 17	Weight 18	Weight 19	Weight 20	Weight 21	Weight 22	Weight 23	Weight 24	Weight 25	Weight 26	Weight 27	Weight 28	Weight 29	Weight 30	Weight 31	Weight 32	Weight 33	Weight 34	Weight 35	Weight 36	Weight 37	Weight 38	Weight 39	Weight 40	Weight 41	Weight 42	Weight 43	Weight 44	Weight 45	Weight 46	Weight 47	Weight 48	Weight 49	Weight 50	Weight 51	Weight 52	Weight 53	Weight 54	Weight 55	Weight 56	Weight 57	Weight 58	Weight 59	Weight 60	Weight 61	Weight 62	Weight 63	Weight 64	Weight 65	Weight 66	Weight 67	Weight 68	Weight 69	Weight 70	Weight 71	Weight 72	Weight 73	Weight 74	Weight 75	Weight 76	Weight 77	Weight 78	Weight 79	Weight 80	Weight 81	Weight 82	Weight 83	Weight 84	Weight 85	Weight 86	Weight 87	Weight 88	Weight 89	Weight 90	Weight 91	Weight 92	Weight 93	Weight 94	Weight 95	Weight 96	Weight 97	Weight 98	Weight 99	
0	0	1	1	1	0.967406	0	0	0	0	0	0	1	1	1	0.812574	0	0	0	0	0	0	1	1	1	0.316376	0	0	0	0	0	0	0.956752	0.813743	0.316945	0	0	0	0	0	0	0	0	0	0	0	0	0	0	0	0	0	0	0	0	0	0	0	0	0	0	0	0	0	0	0	0	0	0	0	0	0	0	0	0	0	0	0	0	0	0	0	0	0	0	0	0	0	0	0	0	0	0	0	0	0	0	0	0	0	0	0	
0	1	1	1	1	1	0.963146	0	0	0	0	0	1	1	1	1	0.814418	0	0	0	0	0	1	1	1	1	0.315644	0	0	0	0	0	0.803146	0.955069	0.814739	0.315474	0	0	0	0	0	0	0	0	0	0	0	0	0	0	0	0	0	0	0	0	0	0	0	0	0	0	0	0	0	0	0	0	0	0	0	0	0	0	0	0	0	0	0	0	0	0	0	0	0	0	0	0	0	0	0	0	0	0	0	0	0	0	0	0	0	0	
0	2	1	1	1	1	1	0.960079	0	0	0	0	1	1	1	1	1	0.814852	0	0	0	0	0.98745	1	1	1	1	0.315716	0	0	0	0	0.311713	0.800697	0.956639	0.815218	0.31395	0	0	0	0	0	0	0	0	0	0	0	0	0	0	0	0	0	0	0	0	0	0	0	0	0	0	0	0	0	0	0	0	0	0	0	0	0	0	0	0	0	0	0	0	0	0	0	0	0	0	0	0	0	0	0	0	0	0	0	0	0	0	0	0	0	
0	3	0.948852	1	1	1	1	1	0.966795	0	0	0	0.801101	1	1	1	1	1	0.816293	0	0	0	0.309664	0.989178	1	1	1	1	0.314086	0	0	0	0	0.310755	0.798023	0.955888	0.812053	0.317941	0	0	0	0	0	0	0	0	0	0	0	0	0	0	0	0	0	0	0	0	0	0	0	0	0	0	0	0	0	0	0	0	0	0	0	0	0	0	0	0	0	0	0	0	0	0	0	0	0	0	0	0	0	0	0	0	0	0	0	0	0	0	0	0	
0	4	0	0.946279	1	1	1	1	1	0.964346	0	0	0	0.79743	1	1	1	1	1	0.814916	0	0	0	0.308604	0.988962	1	1	1	1	0.317006	0	0	0	0	0.3112	0.804017	0.957001	0.815346	0.317677	0	0	0	0	0	0	0	0	0	0	0	0	0	0	0	0	0	0	0	0	0	0	0	0	0	0	0	0	0	0	0	0	0	0	0	0	0	0	0	0	0	0	0	0	0	0	0	0	0	0	0	0	0	0	0	0	0	0	0	0	0	0	0	
0	5	0	0	0.946215	1	1	1	1	1	0.966142	0	0	0	0.797917	1	1	1	1	1	0.816101	0	0	0	0.312264	0.989306	1	1	1	1	0.315255	0	0	0	0	0.308789	0.803972	0.953647	0.815263	0.316149	0	0	0	0	0	0	0	0	0	0	0	0	0	0	0	0	0	0	0	0	0	0	0	0	0	0	0	0	0	0	0	0	0	0	0	0	0	0	0	0	0	0	0	0	0	0	0	0	0	0	0	0	0	0	0	0	0	0	0	0	0	0	
0	6	0	0	0	0.946675	1	1	1	1	1	0.967485	0	0	0	0.801659	1	1	1	1	1	0.815584	0	0	0	0.312196	1	1	1	1	1	0.317055	0	0	0	0	0.310706	0.802584	0.957427	0.812841	0.316602	0	0	0	0	0	0	0	0	0	0	0	0	0	0	0	0	0	0	0	0	0	0	0	0	0	0	0	0	0	0	0	0	0	0	0	0	0	0	0	0	0	0	0	0	0	0	0	0	0	0	0	0	0	0	0	0	0	0	0	0	0	
0	7	0	0	0	0	0.947897	1	1	1	1	1	0	0	0	0	0.799626	1	1	1	1	1	0	0	0	0	0.309913	0.989555	1	1	1	1	0	0	0	0	0	0.308529	0.7992	0.960675	0.81469	0.316595	0	0	0	0	0	0	0	0	0	0	0	0	0	0	0	0	0	0	0	0	0	0	0	0	0	0	0	0	0	0	0	0	0	0	0	0	0	0	0	0	0	0	0	0	0	0	0	0	0	0	0	0	0	0	0	0	0	0	0	0	
0	8	0	0	0	0	0	0.946785	1	1	1	1	0	0	0	0	0	0.801452	1	1	1	1	0	0	0	0	0	0.30986	0.987936	1	1	1	0	0	0	0	0	0	0.312026	0.798822	0.954903	0.814309	0	0	0	0	0	0	0	0	0	0	0	0	0	0	0	0	0	0	0	0	0	0	0	0	0	0	0	0	0	0	0	0	0	0	0	0	0	0	0	0	0	0	0	0	0	0	0	0	0	0	0	0	0	0	0	0	0	0	0	0	
0	9	0	0	0	0	0	0	0.947577	1	1	1	0	0	0	0	0	0	0.797404	1	1	1	0	0	0	0	0	0	0.309381	0.987318	1	1	0	0	0	0	0	0	0	0.311181	0.802018	0.955405	0	0	0	0	0	0	0	0	0	0	0	0	0	0	0	0	0	0	0	0	0	0	0	0	0	0	0	0	0	0	0	0	0	0	0	0	0	0	0	0	0	0	0	0	0	0	0	0	0	0	0	0	0	0	0	0	0	0	0	0	
1	0	1	1	1	0.803847	0	0	0	0	0	0	1	1	1	0.967078	0	0	0	0	0	0	1	1	1	0.815067	0	0	0	0	0	0	1	1	1	0.315904	0	0	0	0	0	0	0.956593	0.814275	0.318285	0	0	0	0	0	0	0	0	0	0	0	0	0	0	0	0	0	0	0	0	0	0	0	0	0	0	0	0	0	0	0	0	0	0	0	0	0	0	0	0	0	0	0	0	0	0	0	0	0	0	0	0	0	0	0	0	0	
1	1	1	1	1	1	0.805911	0	0	0	0	0	1	1	1	1	0.964184	0	0	0	0	0	1	1	1	1	0.813622	0	0	0	0	0	1	1	1	1	0.316217	0	0	0	0	0	0.799068	0.957853	0.812951	0.315908	0	0	0	0	0	0	0	0	0	0	0	0	0	0	0	0	0	0	0	0	0	0	0	0	0	0	0	0	0	0	0	0	0	0	0	0	0	0	0	0	0	0	0	0	0	0	0	0	0	0	0	0	0	0	0	0	
1	2	1	1	1	1	1	0.807918	0	0	0	0	1	1	1	1	1	0.965489	0	0	0	0	1	1	1	1	1	0.814728	0	0	0	0	0.988589	1	1	1	1	0.317353	0	0	0	0	0.3116	0.803433	0.953987	0.814449	0.316719	0	0	0	0	0	0	0	0	0	0	0	0	0	0	0	0	0	0	0	0	0	0	0	0	0	0	0	0	0	0	0	0	0	0	0	0	0	0	0	0	0	0	0	0	0	0	0	0	0	0	0	0	0	0	0	
1	3	0.801395	1	1	1	1	1	0.803433	0	0	0	0.950074	1	1	1	1	1	0.965214	0	0	0	0.799377	1	1	1	1	1	0.811449	0	0	0	0.312924	1	1	1	1	1	0.316168	0	0	0	0	0.310845	0.796532	0.956922	0.815626	0.316308	0	0	0	0	0	0	0	0	0	0	0	0	0	0	0	0	0	0	0	0	0	0	0	0	0	0	0	0	0	0	0	0	0	0	0	0	0	0	0	0	0	0	0	0	0	0	0	0	0	0	0	0	0	0	
1	4	0	0.80401	1	1	1	1	1	0.810936	0	0	0	0.949063	1	1	1	1	1	0.967938	0	0	0	0.799577	1	1	1	1	1	0.815271	0	0	0	0.310038	0.987797	1	1	1	1	0.315655	0	0	0	0	0.310668	0.800222	0.954183	0.814196	0.317055	0	0	0	0	0	0	0	0	0	0	0	0	0	0	0	0	0	0	0	0	0	0	0	0	0	0	0	0	0	0	0	0	0	0	0	0	0	0	0	0	0	0	0	0	0	0	0	0	0	0	0	0	0	
1	5	0	0	0.799143	1	1	1	1	1	0.805919	0	0	0	0.947343	1	1	1	1	1	0.966221	0	0	0	0.801078	1	1	1	1	1	0.814886	0	0	0	0.31212	1	1	1	1	1	0.31658	0	0	0	0	0.310743	0.801195	0.95261	0.813562	0.315629	0	0	0	0	0	0	0	0	0	0	0	0	0	0	0	0	0	0	0	0	0	0	0	0	0	0	0	0	0	0	0	0	0	0	0	0	0	0	0	0	0	0	0	0	0	0	0	0	0	0	0	0	
1	6	0	0	0	0.800248	1	1	1	1	1	0.803482	0	0	0	0.951097	1	1	1	1	1	0.966549	0	0	0	0.800931	1	1	1	1	1	0.815392	0	0	0	0.310913	0.988706	1	1	1	1	0.315523	0	0	0	0	0.312796	0.80109	0.952259	0.811129	0.315783	0	0	0	0	0	0	0	0	0	0	0	0	0	0	0	0	0	0	0	0	0	0	0	0	0	0	0	0	0	0	0	0	0	0	0	0	0	0	0	0	0	0	0	0	0	0	0	0	0	0	0	
1	7	0	0	0	0	0.800301	1	1	1	1	1	0	0	0	0	0.950044	1	1	1	1	1	0	0	0	0	0.802663	1	1	1	1	1	0	0	0	0	0.308944	1	1	1	1	1	0	0	0	0	0	0.312309	0.798155	0.953451	0.816852	0.315557	0	0	0	0	0	0	0	0	0	0	0	0	0	0	0	0	0	0	0	0	0	0	0	0	0	0	0	0	0	0	0	0	0	0	0	0	0	0	0	0	0	0	0	0	0	0	0	0	0	0	
1	8	0	0	0	0	0	0.798607	1	1	1	1	0	0	0	0	0	0.947875	1	1	1	1	0	0	0	0	0	0.804176	1	1	1	1	0	0	0	0	0	0.309853	1	1	1	1	0	0	0	0	0	0	0.31243	0.799177	0.956058	0.814003	0	0	0	0	0	0	0	0	0	0	0	0	0	0	0	0	0	0	0	0	0	0	0	0	0	0	0	0	0	0	0	0	0	0	0	0	0	0	0	0	0	0	0	0	0	0	0	0	0	0	
1	9	0	0	0	0	0	0	0.799732	1	1	1	0	0	0	0	0	0	0.950689	1	1	1	0	0	0	0	0	0	0.795378	1	1	1	0	0	0	0	0	0	0.311464	1	1	1	0	0	0	0	0	0	0	0.312796	0.797928	0.954179	0	0	0	0	0	0	0	0	0	0	0	0	0	0	0	0	0	0	0	0	0	0	0	0	0	0	0	0	0	0	0	0	0	0	0	0	0	0	0	0	0	0	0	0	0	0	0	0	0	0	
2	0	1	1	0.987299	0.309894	0	0	0	0	0	0	1	1	1	0.801229	0	0	0	0	0	0	1	1	1	0.963935	0	0	0	0	0	0	1	1	1	0.813287	0	0	0	0	0	0	1	1	1	0.315976	0	0	0	0	0	0	0.955228	0.811053	0.317172	0	0	0	0	0	0	0	0	0	0	0	0	0	0	0	0	0	0	0	0	0	0	0	0	0	0	0	0	0	0	0	0	0	0	0	0	0	0	0	0	0	0	0	0	0	0	0	
2	1	1	1	1	1	0.310551	0	0	0	0	0	1	1	1	1	0.805258	0	0	0	0	0	1	1	1	1	0.965659	0	0	0	0	0	1	1	1	1	0.813588	0	0	0	0	0	1	1	1	1	0.316281	0	0	0	0	0	0.7968	0.958035	0.813471	0.316089	0	0	0	0	0	0	0	0	0	0	0	0	0	0	0	0	0	0	0	0	0	0	0	0	0	0	0	0	0	0	0	0	0	0	0	0	0	0	0	0	0	0	0	0	0	0	
2	2	1	1	1	1	0.988868	0.310291	0	0	0	0	1	1	1	1	1	0.804896	0	0	0	0	1	1	1	1	1	0.965463	0	0	0	0	1	1	1	1	1	0.812177	0	0	0	0	1	1	1	1	1	0.315912	0	0	0	0	0.312067	0.798264	0.954156	0.81463	0.316255	0	0	0	0	0	0	0	0	0	0	0	0	0	0	0	0	0	0	0	0	0	0	0	0	0	0	0	0	0	0	0	0	0	0	0	0	0	0	0	0	0	0	0	0	0	
2	3	0.310645	1	1	1	1	0.989377	0.310819	0	0	0	0.802172	1	1	1	1	1	0.806375	0	0	0	0.944921	1	1	1	1	1	0.966342	0	0	0	0.799328	1	1	1	1	1	0.8128	0	0	0	0.313286	1	1	1	1	1	0.31618	0	0	0	0	0.310106	0.799422	0.955458	0.814773	0.318368	0	0	0	0	0	0	0	0	0	0	0	0	0	0	0	0	0	0	0	0	0	0	0	0	0	0	0	0	0	0	0	0	0	0	0	0	0	0	0	0	0	0	0	0	
2	4	0	0.308838	1	1	1	1	0.987951	0.311551	0	0	0	0.801229	1	1	1	1	1	0.807345	0	0	0	0.948467	1	1	1	1	1	0.96578	0	0	0	0.800743	1	1	1	1	1	0.812668	0	0	0	0.311769	1	1	1	1	1	0.318341	0	0	0	0	0.309928	0.801886	0.952051	0.811883	0.315489	0	0	0	0	0	0	0	0	0	0	0	0	0	0	0	0	0	0	0	0	0	0	0	0	0	0	0	0	0	0	0	0	0	0	0	0	0	0	0	0	0	0	0	
2	5	0	0	0.309347	0.989736	1	1	1	0.988664	0.309204	0	0	0	0.798792	1	1	1	1	1	0.801957	0	0	0	0.951406	1	1	1	1	1	0.968289	0	0	0	0.796215	1	1	1	1	1	0.814735	0	0	0	0.309204	0.989898	1	1	1	1	0.316629	0	0	0	0	0.311901	0.797924	0.95407	0.816052	0.315636	0	0	0	0	0	0	0	0	0	0	0	0	0	0	0	0	0	0	0	0	0	0	0	0	0	0	0	0	0	0	0	0	0	0	0	0	0	0	0	0	0	0	
2	6	0	0	0	0.310819	0.988053	1	1	1	1	0.311011	0	0	0	0.799147	1	1	1	1	1	0.810359	0	0	0	0.948445	1	1	1	1	1	0.963207	0	0	0	0.801459	1	1	1	1	1	0.815071	0	0	0	0.310279	0.988287	1	1	1	1	0.316942	0	0	0	0	0.312086	0.803549	0.9541	0.814249	0.314667	0	0	0	0	0	0	0	0	0	0	0	0	0	0	0	0	0	0	0	0	0	0	0	0	0	0	0	0	0	0	0	0	0	0	0	0	0	0	0	0	0	
2	7	0	0	0	0	0.310366	1	1	1	1	1	0	0	0	0	0.799849	1	1	1	1	1	0	0	0	0	0.947147	1	1	1	1	1	0	0	0	0	0.801652	1	1	1	1	1	0	0	0	0	0.309544	1	1	1	1	1	0	0	0	0	0	0.310023	0.798294	0.956688	0.810846	0.316089	0	0	0	0	0	0	0	0	0	0	0	0	0	0	0	0	0	0	0	0	0	0	0	0	0	0	0	0	0	0	0	0	0	0	0	0	0	0	0	0	
2	8	0	0	0	0	0	0.310272	1	1	1	1	0	0	0	0	0	0.798521	1	1	1	1	0	0	0	0	0	0.948139	1	1	1	1	0	0	0	0	0	0.798864	1	1	1	1	0	0	0	0	0	0.311253	0.988985	1	1	1	0	0	0	0	0	0	0.309694	0.801991	0.955171	0.814818	0	0	0	0	0	0	0	0	0	0	0	0	0	0	0	0	0	0	0	0	0	0	0	0	0	0	0	0	0	0	0	0	0	0	0	0	0	0	0	0	
2	9	0	0	0	0	0	0	0.30986	0.987782	1	1	0	0	0	0	0	0	0.800207	1	1	1	0	0	0	0	0	0	0.948901	1	1	1	0	0	0	0	0	0	0.801169	1	1	1	0	0	0	0	0	0	0.312516	1	1	1	0	0	0	0	0	0	0	0.311969	0.799509	0.956427	0	0	0	0	0	0	0	0	0	0	0	0	0	0	0	0	0	0	0	0	0	0	0	0	0	0	0	0	0	0	0	0	0	0	0	0	0	0	0	0	
3	0	0.946072	0.800592	0.31183	0	0	0	0	0	0	0	1	1	1	0.310419	0	0	0	0	0	0	1	1	1	0.806273	0	0	0	0	0	0	1	1	1	0.968847	0	0	0	0	0	0	1	1	1	0.812087	0	0	0	0	0	0	1	1	1	0.316564	0	0	0	0	0	0	0.954032	0.811808	0.318134	0	0	0	0	0	0	0	0	0	0	0	0	0	0	0	0	0	0	0	0	0	0	0	0	0	0	0	0	0	0	0	0	0	0	0	0	0	
3	1	0.800128	0.949731	0.799388	0.312064	0	0	0	0	0	0	1	1	1	0.987759	0.310694	0	0	0	0	0	1	1	1	1	0.806613	0	0	0	0	0	1	1	1	1	0.968228	0	0	0	0	0	1	1	1	1	0.816056	0	0	0	0	0	1	1	1	1	0.316527	0	0	0	0	0	0.798671	0.957948	0.813743	0.316549	0	0	0	0	0	0	0	0	0	0	0	0	0	0	0	0	0	0	0	0	0	0	0	0	0	0	0	0	0	0	0	0	0	0	0	0	
3	2	0.309608	0.798894	0.949346	0.801727	0.310943	0	0	0	0	0	0.985876	1	1	1	1	0.312716	0	0	0	0	1	1	1	1	1	0.804972	0	0	0	0	1	1	1	1	1	0.962796	0	0	0	0	1	1	1	1	1	0.816674	0	0	0	0	1	1	1	1	1	0.317994	0	0	0	0	0.311302	0.801267	0.957027	0.812008	0.315369	0	0	0	0	0	0	0	0	0	0	0	0	0	0	0	0	0	0	0	0	0	0	0	0	0	0	0	0	0	0	0	0	0	0	0	
3	3	0	0.310396	0.800384	0.950278	0.800588	0.311283	0	0	0	0	0.309959	0.988947	0.989608	1	1	0.988008	0.31123	0	0	0	0.801871	1	1	1	1	1	0.808371	0	0	0	0.948727	1	1	1	1	1	0.965565	0	0	0	0.798256	1	1	1	1	1	0.813079	0	0	0	0.310879	1	1	1	1	1	0.317308	0	0	0	0	0.309351	0.800445	0.952402	0.814415	0.315214	0	0	0	0	0	0	0	0	0	0	0	0	0	0	0	0	0	0	0	0	0	0	0	0	0	0	0	0	0	0	0	0	0	0	
3	4	0	0	0.310506	0.801524	0.946781	0.801003	0.312618	0	0	0	0	0.311188	0.988461	1	1	1	0.987552	0.310981	0	0	0	0.80132	1	1	1	1	1	0.807017	0	0	0	0.949142	1	1	1	1	1	0.969699	0	0	0	0.79797	1	1	1	1	1	0.812913	0	0	0	0.313456	1	1	1	1	1	0.31644	0	0	0	0	0.310242	0.797393	0.956009	0.814188	0.317187	0	0	0	0	0	0	0	0	0	0	0	0	0	0	0	0	0	0	0	0	0	0	0	0	0	0	0	0	0	0	0	0	0	
3	5	0	0	0	0.311094	0.799584	0.950252	0.798875	0.309438	0	0	0	0	0.312083	1	1	1	1	0.988476	0.310562	0	0	0	0.799388	1	1	1	1	1	0.807058	0	0	0	0.947064	1	1	1	1	1	0.963146	0	0	0	0.800214	1	1	1	1	1	0.81148	0	0	0	0.309747	1	1	1	1	1	0.317428	0	0	0	0	0.310087	0.799354	0.955782	0.815248	0.317741	0	0	0	0	0	0	0	0	0	0	0	0	0	0	0	0	0	0	0	0	0	0	0	0	0	0	0	0	0	0	0	0	
3	6	0	0	0	0	0.310491	0.80138	0.950331	0.801135	0.3112	0	0	0	0	0.309423	0.989498	1	1	1	0.988231	0.310577	0	0	0	0.799724	1	1	1	1	1	0.803051	0	0	0	0.949109	1	1	1	1	1	0.965489	0	0	0	0.804312	1	1	1	1	1	0.813034	0	0	0	0.310615	1	1	1	1	1	0.315459	0	0	0	0	0.311105	0.799584	0.954409	0.812385	0.316912	0	0	0	0	0	0	0	0	0	0	0	0	0	0	0	0	0	0	0	0	0	0	0	0	0	0	0	0	0	0	0	
3	7	0	0	0	0	0	0.310023	0.800411	0.947762	0.801339	0.309668	0	0	0	0	0.311354	1	1	1	1	0.987925	0	0	0	0	0.797691	1	1	1	1	1	0	0	0	0	0.948943	1	1	1	1	1	0	0	0	0	0.79823	1	1	1	1	1	0	0	0	0	0.308691	1	1	1	1	1	0	0	0	0	0	0.309261	0.798638	0.957695	0.816535	0.313825	0	0	0	0	0	0	0	0	0	0	0	0	0	0	0	0	0	0	0	0	0	0	0	0	0	0	0	0	0	0	
3	8	0	0	0	0	0	0	0.309898	0.801927	0.945932	0.800101	0	0	0	0	0	0.308823	1	1	1	0.989981	0	0	0	0	0	0.797219	1	1	1	1	0	0	0	0	0	0.950108	1	1	1	1	0	0	0	0	0	0.800539	1	1	1	1	0	0	0	0	0	0.311917	1	1	1	1	0	0	0	0	0	0	0.311332	0.796959	0.962633	0.812396	0	0	0	0	0	0	0	0	0	0	0	0	0	0	0	0	0	0	0	0	0	0	0	0	0	0	0	0	0	0	
3	9	0	0	0	0	0	0	0	0.310441	0.800313	0.947682	0	0	0	0	0	0	0.310091	1	1	1	0	0	0	0	0	0	0.798185	1	1	1	0	0	0	0	0	0	0.948577	1	1	1	0	0	0	0	0	0	0.80115	1	1	1	0	0	0	0	0	0	0.312343	0.989268	1	1	0	0	0	0	0	0	0	0.313143	0.800113	0.956873	0	0	0	0	0	0	0	0	0	0	0	0	0	0	0	0	0	0	0	0	0	0	0	0	0	0	0	0	0	0	
4	0	0	0	0	0	0	0	0	0	0	0	0.948886	0.799222	0.310747	0	0	0	0	0	0	0	1	1	1	0.309408	0	0	0	0	0	0	1	1	1	0.805564	0	0	0	0	0	0	1	1	1	0.964274	0	0	0	0	0	0	1	1	1	0.814573	0	0	0	0	0	0	1	1	1	0.316723	0	0	0	0	0	0	0.957521	0.815829	0.315889	0	0	0	0	0	0	0	0	0	0	0	0	0	0	0	0	0	0	0	0	0	0	0	0	0	0	0	
4	1	0	0	0	0	0	0	0	0	0	0	0.798234	0.948875	0.798785	0.309147	0	0	0	0	0	0	1	1	1	0.989351	0.313282	0	0	0	0	0	1	1	1	1	0.802689	0	0	0	0	0	1	1	1	1	0.964874	0	0	0	0	0	1	1	1	1	0.814905	0	0	0	0	0	1	1	1	1	0.315176	0	0	0	0	0	0.798189	0.95794	0.814015	0.315833	0	0	0	0	0	0	0	0	0	0	0	0	0	0	0	0	0	0	0	0	0	0	0	0	0	0	
4	2	0	0	0	0	0	0	0	0	0	0	0.309513	0.797657	0.944989	0.798513	0.312034	0	0	0	0	0	1	1	1	1	0.989472	0.310053	0	0	0	0	1	1	1	1	1	0.804508	0	0	0	0	1	1	1	1	1	0.968571	0	0	0	0	1	1	1	1	1	0.81827	0	0	0	0	1	1	1	1	1	0.315459	0	0	0	0	0.310811	0.799569	0.960502	0.811898	0.316127	0	0	0	0	0	0	0	0	0	0	0	0	0	0	0	0	0	0	0	0	0	0	0	0	0	
4	3	0	0	0	0	0	0	0	0	0	0	0	0.311679	0.798638	0.947539	0.801742	0.311403	0	0	0	0	0.30983	0.984703	1	1	1	0.987295	0.310706	0	0	0	0.797974	1	1	1	1	1	0.807892	0	0	0	0.950851	1	1	1	1	1	0.962875	0	0	0	0.801361	1	1	1	1	1	0.814007	0	0	0	0.311022	1	1	1	1	1	0.316149	0	0	0	0	0.310362	0.800347	0.959483	0.813781	0.318439	0	0	0	0	0	0	0	0	0	0	0	0	0	0	0	0	0	0	0	0	0	0	0	0	
4	4	0	0	0	0	0	0	0	0	0	0	0	0	0.311656	0.800045	0.950701	0.798113	0.310721	0	0	0	0	0.310626	1	1	1	1	1	0.309668	0	0	0	0.797917	1	1	1	1	1	0.805772	0	0	0	0.946136	1	0.988778	1	1	1	0.96575	0	0	0	0.799252	1	1	1	1	1	0.814362	0	0	0	0.312037	0.988898	1	1	1	1	0.315882	0	0	0	0	0.31229	0.799905	0.959396	0.818082	0.316908	0	0	0	0	0	0	0	0	0	0	0	0	0	0	0	0	0	0	0	0	0	0	0	
4	5	0	0	0	0	0	0	0	0	0	0	0	0	0	0.311951	0.800637	0.946724	0.800694	0.31089	0	0	0	0	0.311909	1	1	1	1	0.987487	0.312245	0	0	0	0.799	1	1	1	1	1	0.805621	0	0	0	0.947848	1	1	1	1	1	0.96418	0	0	0	0.800543	1	1	1	1	1	0.813083	0	0	0	0.31014	0.989596	1	1	1	1	0.316364	0	0	0	0	0.311071	0.80086	0.957691	0.815897	0.316621	0	0	0	0	0	0	0	0	0	0	0	0	0	0	0	0	0	0	0	0	0	0	
4	6	0	0	0	0	0	0	0	0	0	0	0	0	0	0	0.310604	0.799366	0.9464	0.803666	0.312147	0	0	0	0	0.309487	1	1	1	1	0.988785	0.311724	0	0	0	0.800347	1	1	1	1	1	0.803874	0	0	0	0.945253	1	1	1	1	1	0.964965	0	0	0	0.800652	1	1	1	1	1	0.812385	0	0	0	0.309661	1	1	1	1	1	0.318402	0	0	0	0	0.309661	0.799283	0.954737	0.814811	0.317877	0	0	0	0	0	0	0	0	0	0	0	0	0	0	0	0	0	0	0	0	0	
4	7	0	0	0	0	0	0	0	0	0	0	0	0	0	0	0	0.312094	0.800165	0.947799	0.801565	0.312086	0	0	0	0	0.310717	0.988547	1	1	1	0.985703	0	0	0	0	0.799305	1	1	1	1	1	0	0	0	0	0.950572	1	1	1	1	1	0	0	0	0	0.798638	1	1	1	1	1	0	0	0	0	0.310498	1	1	1	1	1	0	0	0	0	0	0.311094	0.804244	0.958012	0.813219	0.314991	0	0	0	0	0	0	0	0	0	0	0	0	0	0	0	0	0	0	0	0	
4	8	0	0	0	0	0	0	0	0	0	0	0	0	0	0	0	0	0.310487	0.799169	0.946313	0.801999	0	0	0	0	0	0.311004	1	1	1	1	0	0	0	0	0	0.799867	1	1	1	1	0	0	0	0	0	0.945709	1	1	1	1	0	0	0	0	0	0.797498	1	1	1	1	0	0	0	0	0	0.310204	0.989513	1	1	1	0	0	0	0	0	0	0.31123	0.799207	0.955447	0.815373	0	0	0	0	0	0	0	0	0	0	0	0	0	0	0	0	0	0	0	0	
4	9	0	0	0	0	0	0	0	0	0	0	0	0	0	0	0	0	0	0.312558	0.799249	0.949026	0	0	0	0	0	0	0.310728	0.987265	1	1	0	0	0	0	0	0	0.800724	1	1	1	0	0	0	0	0	0	0.945223	1	1	1	0	0	0	0	0	0	0.798562	1	1	1	0	0	0	0	0	0	0.310672	1	1	1	0	0	0	0	0	0	0	0.311637	0.800988	0.963256	0	0	0	0	0	0	0	0	0	0	0	0	0	0	0	0	0	0	0	0	
5	0	0	0	0	0	0	0	0	0	0	0	0	0	0	0	0	0	0	0	0	0	0.942416	0.797966	0.309536	0	0	0	0	0	0	0	1	1	0.988427	0.311664	0	0	0	0	0	0	1	1	1	0.805722	0	0	0	0	0	0	1	1	1	0.965999	0	0	0	0	0	0	1	1	1	0.811653	0	0	0	0	0	0	1	1	1	0.315727	0	0	0	0	0	0	0.960298	0.814833	0.317187	0	0	0	0	0	0	0	0	0	0	0	0	0	0	0	0	0	
5	1	0	0	0	0	0	0	0	0	0	0	0	0	0	0	0	0	0	0	0	0	0.800015	0.947935	0.796951	0.31189	0	0	0	0	0	0	1	1	1	1	0.312565	0	0	0	0	0	1	1	1	1	0.809016	0	0	0	0	0	1	1	1	1	0.96495	0	0	0	0	0	1	1	1	1	0.816305	0	0	0	0	0	1	1	1	1	0.315983	0	0	0	0	0	0.802086	0.953515	0.814407	0.316591	0	0	0	0	0	0	0	0	0	0	0	0	0	0	0	0	
5	2	0	0	0	0	0	0	0	0	0	0	0	0	0	0	0	0	0	0	0	0	0.310528	0.798724	0.952598	0.799335	0.309676	0	0	0	0	0	1	1	1	1	1	0.311068	0	0	0	0	1	1	1	1	1	0.804323	0	0	0	0	1	1	1	1	1	0.963188	0	0	0	0	1	1	1	1	1	0.817418	0	0	0	0	0.989377	1	1	1	1	0.316044	0	0	0	0	0.310717	0.801135	0.956073	0.812457	0.315855	0	0	0	0	0	0	0	0	0	0	0	0	0	0	0	
5	3	0	0	0	0	0	0	0	0	0	0	0	0	0	0	0	0	0	0	0	0	0	0.313991	0.799298	0.949546	0.800497	0.310264	0	0	0	0	0.312256	1	1	1	1	0.986937	0.310589	0	0	0	0.803217	1	1	1	1	1	0.801607	0	0	0	0.948837	1	1	1	1	1	0.9665	0	0	0	0.802127	1	1	1	1	1	0.813751	0	0	0	0.311818	0.988102	1	1	1	1	0.317557	0	0	0	0	0.309427	0.80347	0.955831	0.80988	0.317953	0	0	0	0	0	0	0	0	0	0	0	0	0	0	
5	4	0	0	0	0	0	0	0	0	0	0	0	0	0	0	0	0	0	0	0	0	0	0	0.31046	0.800131	0.948497	0.802569	0.310822	0	0	0	0	0.310366	1	1	1	1	1	0.309928	0	0	0	0.800799	1	1	1	1	1	0.807099	0	0	0	0.948524	1	1	1	1	1	0.964772	0	0	0	0.798577	1	1	1	1	1	0.813373	0	0	0	0.311909	0.987431	1	1	1	1	0.31601	0	0	0	0	0.309325	0.79803	0.958019	0.814765	0.316127	0	0	0	0	0	0	0	0	0	0	0	0	0	
5	5	0	0	0	0	0	0	0	0	0	0	0	0	0	0	0	0	0	0	0	0	0	0	0	0.311668	0.801803	0.94603	0.799509	0.312448	0	0	0	0	0.310321	0.989223	1	1	1	0.988487	0.310947	0	0	0	0.799958	1	1	1	1	1	0.806315	0	0	0	0.948388	1	1	1	1	1	0.966444	0	0	0	0.798736	1	1	1	1	1	0.813094	0	0	0	0.311339	1	1	1	1	1	0.314131	0	0	0	0	0.312543	0.801607	0.952889	0.815633	0.316923	0	0	0	0	0	0	0	0	0	0	0	0	
5	6	0	0	0	0	0	0	0	0	0	0	0	0	0	0	0	0	0	0	0	0	0	0	0	0	0.311196	0.799826	0.948169	0.800373	0.309959	0	0	0	0	0.310068	1	1	1	1	0.989781	0.310053	0	0	0	0.798841	1	1	1	1	1	0.800924	0	0	0	0.945181	1	1	1	1	1	0.96658	0	0	0	0.801369	1	1	1	1	1	0.81357	0	0	0	0.309374	0.988483	1	1	1	1	0.315059	0	0	0	0	0.309827	0.802154	0.957367	0.817912	0.315659	0	0	0	0	0	0	0	0	0	0	0	
5	7	0	0	0	0	0	0	0	0	0	0	0	0	0	0	0	0	0	0	0	0	0	0	0	0	0	0.310192	0.802289	0.950663	0.801312	0.310223	0	0	0	0	0.310675	1	1	1	1	1	0	0	0	0	0.797238	1	1	1	1	1	0	0	0	0	0.947211	1	1	1	1	1	0	0	0	0	0.7988	1	1	1	1	1	0	0	0	0	0.309981	0.989645	1	1	1	1	0	0	0	0	0	0.310977	0.798124	0.955846	0.815641	0.315399	0	0	0	0	0	0	0	0	0	0	
5	8	0	0	0	0	0	0	0	0	0	0	0	0	0	0	0	0	0	0	0	0	0	0	0	0	0	0	0.310121	0.798075	0.948237	0.801425	0	0	0	0	0	0.311234	0.988034	1	1	1	0	0	0	0	0	0.798732	1	1	1	1	0	0	0	0	0	0.949708	1	1	1	1	0	0	0	0	0	0.800995	1	1	1	1	0	0	0	0	0	0.311641	0.989962	1	1	1	0	0	0	0	0	0	0.310822	0.801893	0.955145	0.816316	0	0	0	0	0	0	0	0	0	0	
5	9	0	0	0	0	0	0	0	0	0	0	0	0	0	0	0	0	0	0	0	0	0	0	0	0	0	0	0	0.308876	0.800524	0.945321	0	0	0	0	0	0	0.310362	1	1	1	0	0	0	0	0	0	0.797494	1	1	1	0	0	0	0	0	0	0.947645	1	1	1	0	0	0	0	0	0	0.801822	1	1	1	0	0	0	0	0	0	0.309189	1	1	1	0	0	0	0	0	0	0	0.310826	0.799384	0.957819	0	0	0	0	0	0	0	0	0	0	
6	0	0	0	0	0	0	0	0	0	0	0	0	0	0	0	0	0	0	0	0	0	0	0	0	0	0	0	0	0	0	0	0.951523	0.801044	0.309661	0	0	0	0	0	0	0	1	1	0.989166	0.311226	0	0	0	0	0	0	1	1	1	0.804938	0	0	0	0	0	0	1	1	1	0.96263	0	0	0	0	0	0	1	1	1	0.811166	0	0	0	0	0	0	1	1	1	0.315516	0	0	0	0	0	0	0.955635	0.809774	0.316512	0	0	0	0	0	0	0	
6	1	0	0	0	0	0	0	0	0	0	0	0	0	0	0	0	0	0	0	0	0	0	0	0	0	0	0	0	0	0	0	0.797974	0.949859	0.798389	0.311969	0	0	0	0	0	0	1	1	1	1	0.311064	0	0	0	0	0	1	1	1	1	0.805262	0	0	0	0	0	1	1	1	1	0.96945	0	0	0	0	0	1	1	1	1	0.811706	0	0	0	0	0	1	1	1	1	0.315338	0	0	0	0	0	0.797464	0.958861	0.816588	0.314595	0	0	0	0	0	0	
6	2	0	0	0	0	0	0	0	0	0	0	0	0	0	0	0	0	0	0	0	0	0	0	0	0	0	0	0	0	0	0	0.310509	0.801097	0.948626	0.802006	0.309698	0	0	0	0	0	0.986944	1	1	1	1	0.31129	0	0	0	0	1	1	1	1	1	0.805515	0	0	0	0	1	1	1	1	1	0.960291	0	0	0	0	1	1	1	1	1	0.815116	0	0	0	0	1	1	1	1	1	0.317311	0	0	0	0	0.312509	0.797958	0.955103	0.816305	0.315723	0	0	0	0	0	
6	3	0	0	0	0	0	0	0	0	0	0	0	0	0	0	0	0	0	0	0	0	0	0	0	0	0	0	0	0	0	0	0	0.310728	0.797691	0.944408	0.799924	0.311064	0	0	0	0	0.310879	0.9888	1	1	1	1	0.311347	0	0	0	0.797525	1	1	1	1	1	0.805111	0	0	0	0.947237	1	1	1	1	1	0.962128	0	0	0	0.801195	1	1	1	1	1	0.816176	0	0	0	0.310762	1	1	1	1	1	0.317813	0	0	0	0	0.31255	0.800577	0.958102	0.814871	0.31444	0	0	0	0	
6	4	0	0	0	0	0	0	0	0	0	0	0	0	0	0	0	0	0	0	0	0	0	0	0	0	0	0	0	0	0	0	0	0	0.309589	0.800207	0.945464	0.79814	0.310347	0	0	0	0	0.312301	0.989555	1	1	1	1	0.31109	0	0	0	0.801388	1	1	1	1	1	0.807635	0	0	0	0.94872	1	1	1	1	1	0.965836	0	0	0	0.800505	1	1	1	1	1	0.811215	0	0	0	0.309849	1	1	1	1	1	0.314825	0	0	0	0	0.310872	0.799445	0.954839	0.815671	0.31555	0	0	0	
6	5	0	0	0	0	0	0	0	0	0	0	0	0	0	0	0	0	0	0	0	0	0	0	0	0	0	0	0	0	0	0	0	0	0	0.311981	0.801984	0.946305	0.799524	0.312109	0	0	0	0	0.310713	0.986461	1	1	1	1	0.310053	0	0	0	0.803187	1	1	1	1	1	0.803214	0	0	0	0.946019	1	1	1	1	1	0.966051	0	0	0	0.798845	1	1	1	1	1	0.812958	0	0	0	0.311705	1	1	1	1	1	0.317372	0	0	0	0	0.310838	0.801448	0.956024	0.812781	0.316006	0	0	
6	6	0	0	0	0	0	0	0	0	0	0	0	0	0	0	0	0	0	0	0	0	0	0	0	0	0	0	0	0	0	0	0	0	0	0	0.310264	0.800705	0.947513	0.800256	0.311007	0	0	0	0	0.311464	1	1	1	1	0.987216	0.31206	0	0	0	0.798419	1	0.989917	1	1	1	0.802003	0	0	0	0.94663	1	1	1	1	1	0.964584	0	0	0	0.802369	1	1	1	1	1	0.815324	0	0	0	0.311943	0.987114	1	1	1	1	0.315806	0	0	0	0	0.312067	0.800022	0.956646	0.815429	0.316312	0	
6	7	0	0	0	0	0	0	0	0	0	0	0	0	0	0	0	0	0	0	0	0	0	0	0	0	0	0	0	0	0	0	0	0	0	0	0	0.3118	0.80012	0.947996	0.800592	0.31223	0	0	0	0	0.311392	1	1	1	1	1	0	0	0	0	0.799434	1	1	1	1	1	0	0	0	0	0.948893	1	1	1	1	1	0	0	0	0	0.797389	1	1	1	1	1	0	0	0	0	0.31069	0.988615	1	1	1	1	0	0	0	0	0	0.310958	0.796536	0.957857	0.815369	0.315667	
6	8	0	0	0	0	0	0	0	0	0	0	0	0	0	0	0	0	0	0	0	0	0	0	0	0	0	0	0	0	0	0	0	0	0	0	0	0	0.310555	0.79903	0.947335	0.799354	0	0	0	0	0	0.309917	0.989257	1	1	1	0	0	0	0	0	0.800354	1	1	1	1	0	0	0	0	0	0.948309	1	1	1	1	0	0	0	0	0	0.798328	1	1	1	1	0	0	0	0	0	0.31229	0.989498	1	1	1	0	0	0	0	0	0	0.310822	0.799603	0.956963	0.814037	
6	9	0	0	0	0	0	0	0	0	0	0	0	0	0	0	0	0	0	0	0	0	0	0	0	0	0	0	0	0	0	0	0	0	0	0	0	0	0	0.310223	0.802369	0.948067	0	0	0	0	0	0	0.310698	1	1	1	0	0	0	0	0	0	0.801573	1	1	1	0	0	0	0	0	0	0.947939	1	1	1	0	0	0	0	0	0	0.799626	1	1	1	0	0	0	0	0	0	0.310834	1	1	1	0	0	0	0	0	0	0	0.310966	0.798294	0.954507	
7	0	0	0	0	0	0	0	0	0	0	0	0	0	0	0	0	0	0	0	0	0	0	0	0	0	0	0	0	0	0	0	0	0	0	0	0	0	0	0	0	0	0.95144	0.798619	0.311475	0	0	0	0	0	0	0	1	1	1	0.312267	0	0	0	0	0	0	1	1	1	0.806134	0	0	0	0	0	0	1	1	1	0.964912	0	0	0	0	0	0	1	1	1	0.814437	0	0	0	0	0	0	1	1	1	0.316889	0	0	0	0	0	0	
7	1	0	0	0	0	0	0	0	0	0	0	0	0	0	0	0	0	0	0	0	0	0	0	0	0	0	0	0	0	0	0	0	0	0	0	0	0	0	0	0	0	0.79989	0.949697	0.799886	0.310623	0	0	0	0	0	0	1	1	1	0.989642	0.312203	0	0	0	0	0	1	1	1	1	0.80822	0	0	0	0	0	1	1	1	1	0.962882	0	0	0	0	0	1	1	1	1	0.814188	0	0	0	0	0	1	1	1	1	0.314761	0	0	0	0	0	
7	2	0	0	0	0	0	0	0	0	0	0	0	0	0	0	0	0	0	0	0	0	0	0	0	0	0	0	0	0	0	0	0	0	0	0	0	0	0	0	0	0	0.312335	0.799207	0.947615	0.797494	0.310143	0	0	0	0	0	1	1	1	1	0.989483	0.311075	0	0	0	0	1	1	1	1	1	0.803546	0	0	0	0	1	1	1	1	1	0.966436	0	0	0	0	1	1	1	1	1	0.815984	0	0	0	0	1	1	1	1	1	0.315565	0	0	0	0	
7	3	0	0	0	0	0	0	0	0	0	0	0	0	0	0	0	0	0	0	0	0	0	0	0	0	0	0	0	0	0	0	0	0	0	0	0	0	0	0	0	0	0	0.310321	0.801158	0.949373	0.798762	0.309578	0	0	0	0	0.310604	0.989955	1	1	1	0.989264	0.310121	0	0	0	0.801029	1	1	1	1	1	0.804383	0	0	0	0.946732	1	1	1	1	1	0.966451	0	0	0	0.799392	1	1	1	1	1	0.818625	0	0	0	0.310302	0.987525	1	1	1	1	0.314889	0	0	0	
7	4	0	0	0	0	0	0	0	0	0	0	0	0	0	0	0	0	0	0	0	0	0	0	0	0	0	0	0	0	0	0	0	0	0	0	0	0	0	0	0	0	0	0	0.312513	0.796366	0.94769	0.79763	0.312724	0	0	0	0	0.312018	0.989076	1	1	1	0.987785	0.310502	0	0	0	0.800199	1	1	1	1	1	0.80215	0	0	0	0.947792	1	1	1	1	1	0.966572	0	0	0	0.799999	1	1	1	1	1	0.812717	0	0	0	0.311287	1	1	1	1	1	0.316157	0	0	
7	5	0	0	0	0	0	0	0	0	0	0	0	0	0	0	0	0	0	0	0	0	0	0	0	0	0	0	0	0	0	0	0	0	0	0	0	0	0	0	0	0	0	0	0	0.310291	0.79843	0.955118	0.79995	0.309736	0	0	0	0	0.311105	1	1	1	1	0.989604	0.310053	0	0	0	0.801007	1	1	1	1	1	0.803761	0	0	0	0.94858	1	1	1	1	1	0.964327	0	0	0	0.800226	1	1	1	1	1	0.81329	0	0	0	0.310472	0.98883	1	1	1	1	0.315459	0	
7	6	0	0	0	0	0	0	0	0	0	0	0	0	0	0	0	0	0	0	0	0	0	0	0	0	0	0	0	0	0	0	0	0	0	0	0	0	0	0	0	0	0	0	0	0	0.310204	0.799558	0.949505	0.798253	0.310894	0	0	0	0	0.311898	1	1	1	1	0.988623	0.310694	0	0	0	0.801459	1	1	1	1	1	0.805817	0	0	0	0.945015	1	1	1	1	1	0.965504	0	0	0	0.798985	1	1	1	1	1	0.815441	0	0	0	0.310008	1	1	1	1	1	0.316127	
7	7	0	0	0	0	0	0	0	0	0	0	0	0	0	0	0	0	0	0	0	0	0	0	0	0	0	0	0	0	0	0	0	0	0	0	0	0	0	0	0	0	0	0	0	0	0	0.31097	0.800433	0.946068	0.801309	0.310011	0	0	0	0	0.311615	1	1	1	1	1	0	0	0	0	0.798302	1	1	1	1	1	0	0	0	0	0.94726	1	1	1	1	1	0	0	0	0	0.803365	1	1	1	1	1	0	0	0	0	0.309389	0.988253	1	1	1	1	
7	8	0	0	0	0	0	0	0	0	0	0	0	0	0	0	0	0	0	0	0	0	0	0	0	0	0	0	0	0	0	0	0	0	0	0	0	0	0	0	0	0	0	0	0	0	0	0	0.310532	0.799615	0.949237	0.79777	0	0	0	0	0	0.311596	1	1	1	1	0	0	0	0	0	0.79966	1	1	1	1	0	0	0	0	0	0.949048	1	1	1	1	0	0	0	0	0	0.801708	1	1	1	1	0	0	0	0	0	0.310626	0.988072	1	1	1	
7	9	0	0	0	0	0	0	0	0	0	0	0	0	0	0	0	0	0	0	0	0	0	0	0	0	0	0	0	0	0	0	0	0	0	0	0	0	0	0	0	0	0	0	0	0	0	0	0	0.311056	0.799849	0.94786	0	0	0	0	0	0	0.310491	0.989725	1	1	0	0	0	0	0	0	0.798675	1	1	1	0	0	0	0	0	0	0.94434	1	1	1	0	0	0	0	0	0	0.801671	1	1	1	0	0	0	0	0	0	0.311562	1	1	1	
8	0	0	0	0	0	0	0	0	0	0	0	0	0	0	0	0	0	0	0	0	0	0	0	0	0	0	0	0	0	0	0	0	0	0	0	0	0	0	0	0	0	0	0	0	0	0	0	0	0	0	0	0.945996	0.800335	0.310905	0	0	0	0	0	0	0	1	1	0.987287	0.31117	0	0	0	0	0	0	1	1	1	0.805892	0	0	0	0	0	0	1	1	1	0.965995	0	0	0	0	0	0	1	1	1	0.814169	0	0	0	0	0	0	
8	1	0	0	0	0	0	0	0	0	0	0	0	0	0	0	0	0	0	0	0	0	0	0	0	0	0	0	0	0	0	0	0	0	0	0	0	0	0	0	0	0	0	0	0	0	0	0	0	0	0	0	0.797804	0.949429	0.800901	0.31017	0	0	0	0	0	0	1	1	1	0.988268	0.309876	0	0	0	0	0	1	1	1	1	0.80576	0	0	0	0	0	1	1	1	1	0.96361	0	0	0	0	0	1	1	1	1	0.816403	0	0	0	0	0	
8	2	0	0	0	0	0	0	0	0	0	0	0	0	0	0	0	0	0	0	0	0	0	0	0	0	0	0	0	0	0	0	0	0	0	0	0	0	0	0	0	0	0	0	0	0	0	0	0	0	0	0	0.309408	0.801237	0.948184	0.799875	0.311773	0	0	0	0	0	1	1	1	1	1	0.310562	0	0	0	0	1	1	1	1	1	0.808397	0	0	0	0	1	1	1	1	1	0.96664	0	0	0	0	1	1	1	1	1	0.811091	0	0	0	0	
8	3	0	0	0	0	0	0	0	0	0	0	0	0	0	0	0	0	0	0	0	0	0	0	0	0	0	0	0	0	0	0	0	0	0	0	0	0	0	0	0	0	0	0	0	0	0	0	0	0	0	0	0	0.3114	0.799286	0.945789	0.796996	0.309638	0	0	0	0	0.310698	0.988759	1	1	1	0.988408	0.310045	0	0	0	0.79892	1	1	1	1	1	0.805987	0	0	0	0.949029	1	1	1	1	1	0.964414	0	0	0	0.799279	1	1	1	1	1	0.813377	0	0	0	
8	4	0	0	0	0	0	0	0	0	0	0	0	0	0	0	0	0	0	0	0	0	0	0	0	0	0	0	0	0	0	0	0	0	0	0	0	0	0	0	0	0	0	0	0	0	0	0	0	0	0	0	0	0	0.308917	0.800433	0.94975	0.803055	0.310917	0	0	0	0	0.309378	0.988385	1	1	1	1	0.311728	0	0	0	0.801365	1	1	1	1	1	0.807737	0	0	0	0.947735	1	1	1	1	1	0.965568	0	0	0	0.798298	1	1	1	1	1	0.81469	0	0	
8	5	0	0	0	0	0	0	0	0	0	0	0	0	0	0	0	0	0	0	0	0	0	0	0	0	0	0	0	0	0	0	0	0	0	0	0	0	0	0	0	0	0	0	0	0	0	0	0	0	0	0	0	0	0	0.31103	0.801422	0.952164	0.799102	0.312799	0	0	0	0	0.311834	1	1	1	1	1	0.311471	0	0	0	0.802719	1	1	1	1	1	0.807673	0	0	0	0.949927	1	1	1	1	1	0.964799	0	0	0	0.795797	1	1	1	1	1	0.813309	0	
8	6	0	0	0	0	0	0	0	0	0	0	0	0	0	0	0	0	0	0	0	0	0	0	0	0	0	0	0	0	0	0	0	0	0	0	0	0	0	0	0	0	0	0	0	0	0	0	0	0	0	0	0	0	0	0	0.308797	0.801018	0.949324	0.801761	0.311615	0	0	0	0	0.310272	1	1	1	1	1	0.310543	0	0	0	0.799611	1	1	1	1	1	0.808194	0	0	0	0.948961	1	1	1	1	1	0.963501	0	0	0	0.799856	1	1	1	1	1	0.813762	
8	7	0	0	0	0	0	0	0	0	0	0	0	0	0	0	0	0	0	0	0	0	0	0	0	0	0	0	0	0	0	0	0	0	0	0	0	0	0	0	0	0	0	0	0	0	0	0	0	0	0	0	0	0	0	0	0	0.310679	0.801803	0.949818	0.799271	0.310951	0	0	0	0	0.312105	0.988446	1	1	1	0.98777	0	0	0	0	0.799992	1	1	1	1	1	0	0	0	0	0.947411	1	1	1	1	1	0	0	0	0	0.800173	1	1	1	1	1	
8	8	0	0	0	0	0	0	0	0	0	0	0	0	0	0	0	0	0	0	0	0	0	0	0	0	0	0	0	0	0	0	0	0	0	0	0	0	0	0	0	0	0	0	0	0	0	0	0	0	0	0	0	0	0	0	0	0	0.309298	0.801539	0.949837	0.801969	0	0	0	0	0	0.3118	1	1	1	1	0	0	0	0	0	0.803308	1	1	1	1	0	0	0	0	0	0.948177	1	1	1	1	0	0	0	0	0	0.79637	1	1	1	1	
8	9	0	0	0	0	0	0	0	0	0	0	0	0	0	0	0	0	0	0	0	0	0	0	0	0	0	0	0	0	0	0	0	0	0	0	0	0	0	0	0	0	0	0	0	0	0	0	0	0	0	0	0	0	0	0	0	0	0	0.311034	0.801946	0.95061	0	0	0	0	0	0	0.311671	0.989396	1	1	0	0	0	0	0	0	0.797389	0.988785	1	1	0	0	0	0	0	0	0.949984	1	1	1	0	0	0	0	0	0	0.800041	1	1	1	
9	0	0	0	0	0	0	0	0	0	0	0	0	0	0	0	0	0	0	0	0	0	0	0	0	0	0	0	0	0	0	0	0	0	0	0	0	0	0	0	0	0	0	0	0	0	0	0	0	0	0	0	0	0	0	0	0	0	0	0	0	0	0.949286	0.799566	0.310325	0	0	0	0	0	0	0	1	1	1	0.309891	0	0	0	0	0	0	1	1	1	0.808978	0	0	0	0	0	0	1	1	1	0.960762	0	0	0	0	0	0	
9	1	0	0	0	0	0	0	0	0	0	0	0	0	0	0	0	0	0	0	0	0	0	0	0	0	0	0	0	0	0	0	0	0	0	0	0	0	0	0	0	0	0	0	0	0	0	0	0	0	0	0	0	0	0	0	0	0	0	0	0	0	0.802957	0.947762	0.800071	0.310408	0	0	0	0	0	0	1	1	1	1	0.310415	0	0	0	0	0	1	1	1	1	0.805036	0	0	0	0	0	1	1	1	1	0.965112	0	0	0	0	0	
9	2	0	0	0	0	0	0	0	0	0	0	0	0	0	0	0	0	0	0	0	0	0	0	0	0	0	0	0	0	0	0	0	0	0	0	0	0	0	0	0	0	0	0	0	0	0	0	0	0	0	0	0	0	0	0	0	0	0	0	0	0	0.312188	0.795314	0.946837	0.797977	0.312015	0	0	0	0	0	1	1	1	1	1	0.313226	0	0	0	0	1	1	1	1	1	0.804187	0	0	0	0	1	1	1	1	1	0.966032	0	0	0	0	
9	3	0	0	0	0	0	0	0	0	0	0	0	0	0	0	0	0	0	0	0	0	0	0	0	0	0	0	0	0	0	0	0	0	0	0	0	0	0	0	0	0	0	0	0	0	0	0	0	0	0	0	0	0	0	0	0	0	0	0	0	0	0	0.310909	0.80152	0.95178	0.799071	0.313195	0	0	0	0	0.309461	0.986718	1	1	1	0.988657	0.311664	0	0	0	0.801278	1	1	1	1	1	0.809612	0	0	0	0.946785	1	1	1	1	1	0.967934	0	0	0	
9	4	0	0	0	0	0	0	0	0	0	0	0	0	0	0	0	0	0	0	0	0	0	0	0	0	0	0	0	0	0	0	0	0	0	0	0	0	0	0	0	0	0	0	0	0	0	0	0	0	0	0	0	0	0	0	0	0	0	0	0	0	0	0	0.311441	0.800961	0.948561	0.799139	0.307676	0	0	0	0	0.313241	0.989257	1	1	1	0.989823	0.310423	0	0	0	0.801886	1	1	1	1	1	0.806251	0	0	0	0.948071	1	1	1	1	1	0.963844	0	0	
9	5	0	0	0	0	0	0	0	0	0	0	0	0	0	0	0	0	0	0	0	0	0	0	0	0	0	0	0	0	0	0	0	0	0	0	0	0	0	0	0	0	0	0	0	0	0	0	0	0	0	0	0	0	0	0	0	0	0	0	0	0	0	0	0	0.311053	0.798566	0.949014	0.800984	0.310573	0	0	0	0	0.311373	0.989657	1	1	1	0.987427	0.31146	0	0	0	0.800731	1	1	1	1	1	0.805462	0	0	0	0.946894	1	1	1	1	1	0.964007	0	
9	6	0	0	0	0	0	0	0	0	0	0	0	0	0	0	0	0	0	0	0	0	0	0	0	0	0	0	0	0	0	0	0	0	0	0	0	0	0	0	0	0	0	0	0	0	0	0	0	0	0	0	0	0	0	0	0	0	0	0	0	0	0	0	0	0	0.310064	0.79703	0.949244	0.799268	0.310811	0	0	0	0	0.309219	0.988378	1	1	1	0.988827	0.310717	0	0	0	0.798102	1	1	1	1	1	0.805432	0	0	0	0.950323	1	1	1	1	1	0.964139	
9	7	0	0	0	0	0	0	0	0	0	0	0	0	0	0	0	0	0	0	0	0	0	0	0	0	0	0	0	0	0	0	0	0	0	0	0	0	0	0	0	0	0	0	0	0	0	0	0	0	0	0	0	0	0	0	0	0	0	0	0	0	0	0	0	0	0	0.309823	0.799185	0.946732	0.79955	0.310879	0	0	0	0	0.311652	1	1	1	1	1	0	0	0	0	0.798611	1	1	1	1	1	0	0	0	0	0.94755	1	1	1	1	1	
9	8	0	0	0	0	0	0	0	0	0	0	0	0	0	0	0	0	0	0	0	0	0	0	0	0	0	0	0	0	0	0	0	0	0	0	0	0	0	0	0	0	0	0	0	0	0	0	0	0	0	0	0	0	0	0	0	0	0	0	0	0	0	0	0	0	0	0	0.310958	0.799996	0.949957	0.799864	0	0	0	0	0	0.310347	1	1	1	1	0	0	0	0	0	0.799596	1	1	1	1	0	0	0	0	0	0.946611	1	1	1	1	
9	9	0	0	0	0	0	0	0	0	0	0	0	0	0	0	0	0	0	0	0	0	0	0	0	0	0	0	0	0	0	0	0	0	0	0	0	0	0	0	0	0	0	0	0	0	0	0	0	0	0	0	0	0	0	0	0	0	0	0	0	0	0	0	0	0	0	0	0	0.311053	0.79863	0.94949	0	0	0	0	0	0	0.311954	0.989306	1	1	0	0	0	0	0	0	0.801169	1	1	1	0	0	0	0	0	0	0.949146	1	1	1	
